[
  {
    "videoName":"HLS - Live NASA",
    "type":"hls",
    "videoUrl":"http://www.nasa.gov/multimedia/nasatv/NTV-Public-IPS.m3u8"
  },
  {
    "videoName":"HLS - Live Surfline Stream",
    "type":"hls",
    "videoUrl":"http://surfline.live-s.cdn.bitgravity.com/cdn-live-s3/_definst_/surfline/live/wc-venicecam.smil/playlist.m3u8"
  },
  {
    "videoName":"HLS - VOD Stream",
    "type":"hls",
    "videoUrl":"http://www.nasa.gov/multimedia/nasatv/NTV-Public-IPS.m3u8"
  },
  {
    "videoName":"The Jewel",
    "type":"mp4",
    "renditions": [
      {"bitrate":700, "url":"http://s3.amazonaws.com/com.adifferentengine.videotools/videos/155/THEJEWEL.155.h264.700.mp4"},
      {"bitrate":1100, "url":"http://s3.amazonaws.com/com.adifferentengine.videotools/videos/155/THEJEWEL.155.h264.1100.mp4"},
      {"bitrate":1800, "url":"http://s3.amazonaws.com/com.adifferentengine.videotools/videos/155/THEJEWEL.155.h264.1800.mp4"}
    ]
  },
  {
    "videoName":"Ramzi Visits Indo",
    "type":"mp4",
    "renditions": [
      {"bitrate":700, "url":"http://s3.amazonaws.com/com.adifferentengine.videotools/videos/156/RamziVisitsIndo.156.h264.700.mp4"},
      {"bitrate":1100, "url":"http://s3.amazonaws.com/com.adifferentengine.videotools/videos/156/RamziVisitsIndo.156.h264.1100.mp4"},
      {"bitrate":1800, "url":"http://s3.amazonaws.com/com.adifferentengine.videotools/videos/156/RamziVisitsIndo.156.h264.1800.mp4"}
    ]
  },
  {
    "videoName":"South Coast Road Trip",
    "type":"mp4",
    "renditions": [
      {"bitrate":700, "url":"http://s3.amazonaws.com/com.adifferentengine.videotools/videos/154/SOUTHCOASTROADTRIP.154.h264.700.mp4"},
      {"bitrate":1100, "url":"http://s3.amazonaws.com/com.adifferentengine.videotools/videos/154/SOUTHCOASTROADTRIP.154.h264.1100.mp4"},
      {"bitrate":1800, "url":"http://s3.amazonaws.com/com.adifferentengine.videotools/videos/154/SOUTHCOASTROADTRIP.154.h264.1800.mp4"}
    ]
  }
]