<app>
  <id>simpleapp</id>
  <name>SimpleApp</name>
  <version>1.0</version>
  <description>HC Simple Test App</description>
  <thumb>http://example.com/thumbnail.png</thumb>
  <repository>http://dir.boxee.tv/apps</repository>
  <media>video</media>
  <copyright>A Different Engine.com, inc</copyright>
  <type>html</type>
  <url>http://stubby.adifferentengine.com/SimpleApp/</url>
  <controller>http://stubby.adifferentengine.com/SimpleApp/js/application.js</controller>
  <platform>all</platform>
  <minversion>1.0</minversion>
  <test-app>true</test-app>
</app>